country,ratio,origin_id,origin_name,origin_type
US,0.08,6071223636402,Everyone Who Engaged With MTV Page,custom_audience
US,0.08,6071223547802,Everyone Who Engaged With Teyana Taylor Page,custom_audience
US,0.08,6071223510402,Everyone who engaged with Diamond White Page,custom_audience
US,0.08,6070776679602,Macys #SpringSummerFashion : People who have watched at 50% of the 30 second cutdowns,custom_audience
US,0.08,6070776595802,Macys #SpringSummerFashion : People who watched at 50% of the 60 second cutdowns,custom_audience
US,0.08,6070776428402,Macys #SpringSummerFashion : People who watched at 95% of the 30 second cutdowns,custom_audience
US,0.08,6070776332802,Macy's #SpringSummerFashion : People who watched at 95% of the 60 second cutdowns,custom_audience
US,0.01,91095669775,Chef Amanda Freitag,page
US,0.08,6070596842602,People Who Engaged With Any Amanda Freitag Post Or Ad,custom_audience
US,0.05,6070596842602,People Who Engaged With Any Amanda Freitag Post Or Ad,custom_audience
US,0.02,6070596842602,People Who Engaged With Any Amanda Freitag Post Or Ad,custom_audience
US,0.02,6070596694402,Anyone Who Visited Amanda Freitag Page,custom_audience
US,0.05,6070596694402,Anyone Who Visited Amanda Freitag Page,custom_audience
US,0.08,6070596694402,Anyone Who Visited Amanda Freitag Page,custom_audience
US,0.06,6070494447802,Everyone Who Engaged With Chef Amanda Freitag Page,custom_audience
US,0.02,6070494447802,Everyone Who Engaged With Chef Amanda Freitag Page,custom_audience
US,0.08,6070494447802,Everyone Who Engaged With Chef Amanda Freitag Page,custom_audience
US,0.02,772560912781673,Regina Hall,page
US,0.08,6070379436002,Everyone who engaged with Regina Hall Page,custom_audience
US,0.02,112826152102241,Sydney Leroux,page
US,0.02,286702050955,Official Kimora Lee Simmons,page
US,0.02,125321917195,Vanessa Williams,page
US,0.08,6070154904202,Everyone who engaged with Sydney Leroux page,custom_audience
US,0.08,6070154877202,Everyone who engaged with Kimora Lee Simmons Page,custom_audience
US,0.08,6070075120602,Everyone who engaged with Vanessa Williams page,custom_audience
US,0.1,6069959568602,Everyone who engaged with Louise Roe page,custom_audience
US,0.06,6069847212402,Everyone who engaged with Vashtie Kola page,custom_audience
US,0.06,6069847193802,Everyone who engaged with Jenn Im Clothes Encounters Page,custom_audience
US,0.06,6069847170402,Everyone who engaged with Sierra Furtado page,custom_audience
US,0.1,6069847738602,People who viewed at least 3 seconds of Jenn Im video,custom_audience
US,0.1,6069847647002,People who viewed at least 3 seconds of Sierra Furtado Video,custom_audience
US,0.1,6069847212402,Everyone who engaged with Vashtie Kola page,custom_audience
US,0.1,6069847193802,Everyone who engaged with Jenn Im Clothes Encounters Page,custom_audience
US,0.1,6069847170402,Everyone who engaged with Sierra Furtado page,custom_audience
US,0.08,6068891354002,Macys #SpringSummerFashion : People who saved the page or any post on Sierra Furtado page,custom_audience
US,0.08,6068891303002,Macys #SpringSummerFashion : People who engaged with any post or ad on Sierra Furtado Page,custom_audience
US,0.08,6068891188202,Macys #SpringSummerFashion : Anyone who visited Sierra Furtado Page,custom_audience
US,0.05,6067457516602,Programmatic : Bacardi (US) : 50% Video : 365 Days,custom_audience
US,0.08,6068069642002,Users who watched at 95% of Pantene Video,custom_audience
US,0.08,6068069424202,Everyone who engaged with Ashley Madekwe Page,custom_audience
US,0.08,158730629539,Ashley Madekwe,page
US,0.08,6068057560002,Everyone who engaged with Yvette Page,custom_audience
US,0.08,41883514074,Yvette Nicole Brown,page
US,0.08,6067992781202,Everyone who engaged with Retta Page,custom_audience
US,0.08,6067969036602,Everyone who engaged with Sherri Shepherd Page,custom_audience
US,0.08,432252546804472,Retta,page
US,0.08,213345512017057,Sherri Shepherd,page
US,0.08,6067937914402,Everyone who engaged with Laila Ali Page,custom_audience
US,0.08,6415897870,Laila Ali,page
US,0.08,6067936904602,Everyone who engaged with Nia Long Page,custom_audience
US,0.08,154862024723962,Nia Long,page
US,0.08,6067708773202,People who viewed 3 seconds of Eman Videos,custom_audience
US,0.08,6067708734202,People who saved the page or any post on Eman Page,custom_audience
US,0.08,6067708721402,People who engaged with any post or ad on Eman Page,custom_audience
US,0.08,6067708638202,Anyone who visited Eman Facebook page,custom_audience
US,0.08,6067708596002,Users who watched at 95% of Eman Video,custom_audience
US,0.08,6066627181002,Everyone who engaged with Makeup by Eman Page,custom_audience
US,0.08,311026642242849,Makeup By Eman,page
US,0.08,6066119563402,Users who completed the Long Form Videos,custom_audience
US,0.08,6066110836802,Lance Gross - Everyone who engaged with your Page,custom_audience
US,0.08,6066039958402,Lance Gross - Anyone who visited your Page,custom_audience
US,0.08,6066039826402,Lance Gross - People who engaged with any post or ad,custom_audience
US,0.08,6066039798002,Lance Gross - People who saved your Page or any Post,custom_audience
US,0.08,6065044927802,People who watched at 50% of the Sam Tsui Video,custom_audience
US,0.08,6065044824602,People who saved Sam Tsui page or any post,custom_audience
US,0.08,6065044723202,People who watched at 75% of Sam Tsui Video,custom_audience
US,0.08,6065044677402,People who Engaged with any post or ad on Sam Tsui Page,custom_audience
US,0.08,6065044658802,People who visited Sam Tsui Page,custom_audience
US,0.08,6065044642202,People who Engaged With Sam Tsui Page,custom_audience
US,0.08,6065044470602,People who watched at 95% of Sam Tsui Video,custom_audience
US,0.05,6064636107602,People who engaged with Garcelle's page,custom_audience
US,0.05,6064635980202,People who watched 95% of Garcelle Video,custom_audience
US,0.05,6063930287002,BET New Edition : People who viewed at least 3 seconds of your video,custom_audience
US,0.05,6063670071602,Gregg Sulkin : Video Completion 95% McDonald's,custom_audience
US,0.05,6063572796602,"Custom Audience, People Who Viewed At Least 25% Of Norman Full Video",custom_audience
US,0.05,6063572757402,"Custom Audience, People Who Viewed At Least 3 Seconds Of Norman Video",custom_audience
US,0.08,6062995807002,Kandee Johnson : Everyone who engaged with your Page L365D,custom_audience
US,0.1,6062025421802,Issa Rae : Anyone who watched 95% of the Video,custom_audience
US,0.06,6062025421802,Issa Rae : Anyone who watched 95% of the Video,custom_audience
US,0.04,6062025421802,Issa Rae : Anyone who watched 95% of the Video,custom_audience
US,0.02,6062025421802,Issa Rae : Anyone who watched 95% of the Video,custom_audience
US,0.1,6062025390202,Issa Rae : Anyone who visited the page,custom_audience
US,0.06,6062025390202,Issa Rae : Anyone who visited the page,custom_audience
US,0.04,6062025390202,Issa Rae : Anyone who visited the page,custom_audience
US,0.02,6062025390202,Issa Rae : Anyone who visited the page,custom_audience
US,0.08,6061603526802,Jay Pharoah : LAL Video Consumption L365D,custom_audience
US,0.08,6061603452202,Jay Pharoah : Everyone who engaged with your Page L365D,custom_audience
US,0.08,6061584228002,Dormtainment LAL Video Consumption L365D,custom_audience
US,0.08,6061584038802,Dormtainment : Everyone who engaged with your Page L365D,custom_audience
US,0.08,6061578070802,Pantene #StrongIsBeautiful : People who engaged with the Facebook Page Samantha Ronson,custom_audience
US,0.08,6061578051202,Pantene #StrongIsBeautiful : People who engaged with the Facebook Page Nina Garcia,custom_audience
US,0.08,6061578029602,Pantene #StrongIsBeautiful : People who engaged with the Facebook Page Alex Morgan,custom_audience
US,0.08,6061577997602,Pantene #StrongIsBeautiful : People who engaged with the Facebook Page Coco Rocha,custom_audience
US,0.08,6061577935802,Pantene #StrongIsBeautiful : People who engaged with the Facebook Page Jillian Michaels,custom_audience
US,0.08,6061577752802,Pantene #StrongIsBeautiful : People who engaged with the Facebook Page Mia Hamm,custom_audience
US,0.08,6061577593202,Pantene #StrongIsBeautiful : People who engaged with the Facebook Page Michelle Beadle,custom_audience
US,0.08,6061576031202,Macys #SantaProject : People who engaged with the Facebook Page Monica Fonseca,custom_audience
US,0.08,6061575999402,Macys #SantaProject : Users who watched at 95% of the videos Monica Fonseca,custom_audience
US,0.08,6061575886402,Macys #SantaProject : People who engaged with the Facebook Page Tammin Sursok,custom_audience
US,0.08,6061575864602,Macys #SantaProject : User who watched 95% of the videos Tammin Sursok,custom_audience
US,0.08,6061575521202,Macys #SantaProject : People who engaged with the Facebook Page Candice Parker,custom_audience
US,0.08,6061574838402,Macys #SantaProject : Users who watched at 95% of the videos Candace Parker,custom_audience
US,0.08,6061571189402,Alex Guarnaschelli LAL Everyone who engaged with your Page L365D,custom_audience
US,0.08,6061571150202,Alex Guarnaschelli LAL Video Consumption L365D,custom_audience
US,0.08,6061566603802,Jessica Shyba Momma's Gone City LAL Everyone who engaged with your Page L365D,custom_audience
US,0.08,6061566522002,Jessica Shyba Momma's Gone City LAL Video Consumption L365D,custom_audience
US,0.08,6061491889402,Russell Peters LAL Everyone who engaged with your Page L365D,custom_audience
US,0.08,6061491863402,Russell Peters LAL Video Consumption L365D,custom_audience
US,0.08,6061429815602,Drew Scott LAL Everyone who engaged with your Page L365D,custom_audience
US,0.08,6061429781202,Drew Scott LAL Video Consumption L365D,custom_audience
US,0.08,6061429704202,La La Anthony LAL Everyone who engaged with your Page L365D,custom_audience
US,0.08,6061429649802,La La Anthony LAL Video 95% Consumed L365D,custom_audience
US,0.02,59651918044,Candace Parker,page
US,0.08,6061284692802,Egypt Sherrod LAL Everyone who engaged with your Page L365D,custom_audience
US,0.08,6061284646402,Egypt Sherrod LAL Video Consumption L365D,custom_audience
US,0.1,6060973987602,BET : People who saved your Page or any post L365D,custom_audience
US,0.04,6060973987602,BET : People who saved your Page or any post L365D,custom_audience
US,0.02,6060973987602,BET : People who saved your Page or any post L365D,custom_audience
US,0.02,6060974219002,BET : LAL Soul Train Awards 3-Second Video View,custom_audience
US,0.1,6060974219002,BET : LAL Soul Train Awards 3-Second Video View,custom_audience
US,0.01,6060974219002,BET : LAL Soul Train Awards 3-Second Video View,custom_audience
US,0.1,6060967557202,Garcelle Beauvais LAL 95% Video Views,custom_audience
US,0.04,6060967557202,Garcelle Beauvais LAL 95% Video Views,custom_audience
US,0.08,6060967557202,Garcelle Beauvais LAL 95% Video Views,custom_audience
US,0.06,6060967557202,Garcelle Beauvais LAL 95% Video Views,custom_audience
US,0.02,6060967557202,Garcelle Beauvais LAL 95% Video Views,custom_audience
US,0.08,6060967649802,"Garcelle Beauvais : Anyone who visited your Page, L365D",custom_audience
US,0.06,6060967649802,"Garcelle Beauvais : Anyone who visited your Page, L365D",custom_audience
US,0.1,6060967649802,"Garcelle Beauvais : Anyone who visited your Page, L365D",custom_audience
US,0.04,6060967649802,"Garcelle Beauvais : Anyone who visited your Page, L365D",custom_audience
US,0.02,6060967649802,"Garcelle Beauvais : Anyone who visited your Page, L365D",custom_audience
US,0.06,6060891541602,Danielle Fishel Video Engagement Peppermint Mocha,custom_audience
US,0.02,6060891541602,Danielle Fishel Video Engagement Peppermint Mocha,custom_audience
US,0.06,6060891618002,Peppermint Mocha Dayana Mendoza 75%+,custom_audience
US,0.02,6060891618002,Peppermint Mocha Dayana Mendoza 75%+,custom_audience
US,0.07,6058783558002,WhoSay Video Completions,custom_audience
US,0.01,6052717138402,"Video Engagement - ""Changed it up today and curled some Fox’s instea..."" - 1283647431675554 - Completed",custom_audience
US,0.01,6052718963602,"Video Engagement - ""Changed it up today and curled some Fox’s instea..."" - 1283665165007114 - Completed",custom_audience
US,0.01,6052717165202,"Video Engagement - ""Changed it up today and curled some Fox’s instea..."" - 1283647585008872 - Completed",custom_audience
US,0.1,6049961503002,50% Viewers - Viral,custom_audience
US,0.1,6031083313802,Website Visitors 180 Days,custom_audience
US,0.1,6049747690602,Whosay.com Visitors 30 Days,custom_audience
US,0.1,6044755328602,"Video Engagement - ""That moment when I can finally take my shoes off a..."" - 885388264893828 - Completed",custom_audience
US,0.1,6038814353002,"Video Engagement - ""To hear from my family that I'm #doingood...well, ..."" - 466523190219948 - Completed",custom_audience
US,0.1,311990888845656,WHOSAY,page
US,0.06,311990888845656,WHOSAY,page
US,0.1,6044003126602,"Video Engagement - ""They don't call her Bad Girl RiRi for nothing."" - 1063630790348325 - Viewed",custom_audience
US,0.01,6037921222002,Miley Cyrus Article Views,custom_audience
US,0.02,6034185845002,"Video Engagement - ""The definition of “Success” is WRONG. Let’s ..."" - 985489128162492 - Completed",custom_audience
US,0.02,6034186059002,"Video Engagement - ""The definition of “Success” is WRONG. Let’s ..."" - 985490774828994 - Completed",custom_audience
US,0.02,6034186098002,"Video Engagement - ""The definition of “Success” is WRONG. Let’s ..."" - 985491591495579 - Completed",custom_audience
US,0.02,6033596110602,"Video Engagement - ""The definition of “Success” is WRONG. Let’s ..."" - 982085558502849 - Completed",custom_audience
US,0.01,6030794855602,WhoSayFriends_Group3_500to1000Friends,custom_audience
US,0.01,6030794819602,WhoSayFriends_Group2_1000to2000Friends,custom_audience
US,0.01,6030794693602,WhoSayFriends_Group1_2000+Friends,custom_audience
US,0.02,6029103720202,RadioShack_Lookalike,custom_audience
US,0.01,6025739279202,TeeSpring: Like 4+ of the following pages: Aeropostale American Apparel American Eagle Outfitters Forever 21 H&M Hollister Co. Old Navy Topshop Urban Outfitters,custom_audience
US,0.05,6025134122602,WhosayLexusRosarioDawson_20150218,custom_audience
US,0.05,6024478503602,WhosaySeventhSon_20150128,custom_audience
US,0.05,6023974440402,WhosaySkinnyCow_20150112,custom_audience
US,0.05,6023432139402,WhosayJCP_NikkiReed,custom_audience
US,0.05,6023431973802,WhosayJCP_AndyCohen,custom_audience
US,0.05,6023203400802,WhosayLG_ManyLikes,custom_audience
US,0.05,6023185256002,WhosayLG_OrlandoJones,custom_audience
US,0.05,6023185248802,WhosayLG_DeAndreJordan,custom_audience
US,0.05,6023185209402,WhoSayLG_PaulWesley,custom_audience
US,0.04,6021893936802,DumbDumber_3Likes,custom_audience
US,0.05,6020902917602,Dracula Untold Movie,custom_audience
US,0.04,6020870419802,HorrorFans,custom_audience
US,0.03,6020870419802,HorrorFans,custom_audience
US,0.05,6020544620602,WhoSay_20140918_ATTMaslowBigTimeRush,custom_audience
US,0.05,6020432042602,Fashion Celebs,custom_audience
US,0.05,6020432067202,Fashion Brands,custom_audience
US,0.04,6019956519802,Kevin Bacon,custom_audience
US,0.04,6019956506202,Canon,custom_audience
US,0.04,6019956512802,Eva Longoria,custom_audience
US,0.01,6019956506202,Canon,custom_audience
US,0.04,6017590836202,A Million Ways to Die Out West,custom_audience
US,0.01,6017590808402,Crest,custom_audience
US,0.05,6015654264402,Chrisley Audience,custom_audience
US,0.05,6014978012002,Endless Love v.2,custom_audience
US,0.05,6014823120602,Endless Love,custom_audience
US,0.01,6012545270802,WhoSay Mobile Application,custom_audience
US,0.05,6010591711002,MOFY Nation,custom_audience
US,0.05,6110033711093,Custom Audience who Engaged with AwesomenessTV,custom_audience
US,0.05,6024295118693,ATVnetwork_emails_20150701,custom_audience
US,0.01,6024295118693,ATVnetwork_emails_20150701,custom_audience
US,0.01,6125538182846,Users who viewed Sonic Wacky Pack TMNT assets,custom_audience
US,0.01,6125247094646,Users who watched Pedigree Paw Patrol Ep 1,custom_audience
US,0.04,6120577187646,People who engaged with 95% of Nick content,custom_audience
US,0.04,6120576807446,People who engaged with 10-seconds of Nick content,custom_audience
US,0.04,6120576789046,People who engaged with 3-seconds of Nick content,custom_audience
US,0.03,6119164767646,People who viewed at least 10 seconds of Nick_Milk videos,custom_audience
US,0.02,6103404435646,TMNT IG - engaged with your page L365D,custom_audience
US,0.02,6103404354446,Nick IG - engaged with your page L365D,custom_audience
US,0.02,6103404199046,TMNT FB - engaged with any post or ad L365,custom_audience
US,0.02,6103404023446,Nick FB - engaged with any post or ad L365,custom_audience
US,0.02,23842661554800618,Cicis CRM Email Audience,custom_audience
US,0.01,23843158652350618,TMNT Store Visit EXCLUSION Audience,custom_audience
US,0.03,6204498785372,Remarketing > TATM pre-awareness push > watched 10 sec of video,custom_audience
US,0.03,6204498692572,Remarketing > TATM pre awareness push > watched 3 sec of video,custom_audience
US,0.1,6092658867772,White Elephant,custom_audience
US,0.05,6089542204572,People Who Have Viewed Foursome,custom_audience
US,0.05,6089160642772,ATV > Freakish > Video Views,custom_audience
US,0.05,6084164260172,ATV Facebook - Engaged Most Popular Beauty Videos,custom_audience
US,0.05,6084109413172,ATV Facebook - Engaged Most Popular Food Videos,custom_audience
US,0.05,6084108661772,ATV Facebook - Engaged w/ Page - Last 365,custom_audience
US,0.05,6084108573972,ATV Instagram - Engaged w/Account - Last 365,custom_audience
US,0.1,128467970568405,AwesomenessTV,page
US,0.03,128467970568405,AwesomenessTV,page
US,0.01,6047154430972,ATV-Squad-Email-List,custom_audience
US,0.02,6095740693014,People Who Watched 95% of ATT ICW 2017 Videos,custom_audience
US,0.02,6085443355414,Retargeting WSJ Good Things 95% Video Completion,custom_audience
US,0.01,6079265051414,WSJ Great Things_Amber Venz Box_95 Percent Completion,custom_audience
US,0.01,6079065766014,WSJ Great Things_Lo Bosworth_95 Percent Completion,custom_audience
US,0.01,6079065757614,WSJ Great Things_Shalane Flanagan_95 Percent Completion,custom_audience
US,0.08,23842605130100388,People who engaged with Chord Overstreet FB Page,custom_audience
US,0.04,6071329929014,People who viewed Joy the Baker's Videos,custom_audience
US,0.04,6071330159814,People who viewed Damn Delicious video,custom_audience
US,0.08,6071330430614,Everyone engaged with Damn Delicious IG page,custom_audience
US,0.08,6071330503014,Everyone who engaged with Joy IG page,custom_audience
US,0.08,23842577602920388,Everyone who engaged with MSS16 Page,custom_audience
US,0.06,6064293232614,Viacom Paramount #BaywatchMovie : BM Custom Audience Video Completion,custom_audience
US,0.06,6063747977814,Viacom Paramount #Transformers : People who watched 95% of your video,custom_audience
US,0.06,6063747763414,Viacom Paramount #GhostInTheShell : People who have watched 95% of your video,custom_audience
US,0.05,23842571274270559,Logo : People who have watched at 95% of your video,custom_audience
US,0.05,23842571274070559,Logo : People who have watched at 25% of Getting To Snow You,custom_audience
US,0.02,6059707603814,Kandee Johnson : Everyone who completed the video at 95%,custom_audience
US,0.01,6059707603814,Kandee Johnson : Everyone who completed the video at 95%,custom_audience
US,0.09,6054656981014,UGG Video Consumed for UGG,custom_audience
US,0.09,6054656832414,Adam Schefter Video Consumed 95% for UGG,custom_audience
US,0.05,6054656777614,WhoSay Video Consumed 95% For UGG,custom_audience
US,0.02,6054656777614,WhoSay Video Consumed 95% For UGG,custom_audience
US,0.01,6054656777614,WhoSay Video Consumed 95% For UGG,custom_audience
US,0.09,935061476523457,Vashtie Kola,page
US,0.09,6052749848414,Lexus #LexusFPerformance Lance Gross Video Views,custom_audience
US,0.09,1452743408305351,Winnie Harlow,page
US,0.07,1452743408305351,Winnie Harlow,page
US,0.04,160059308492,Elizabeth Gillies,page
US,0.1,6053490969017,Video Viewers  - 25% - Memes,custom_audience
"AL,AD,AT,BY,BE,BA,BG,HR,CZ,DK,EE,FO,FI,FR,DE,GI,GR,GG,HU,IS,IE,IM,IT,JE,XK,LV,LI,LT,LU,MK,MT,MD,MC,ME,NL,NO,PL,PT,RO,RU,SM,RS,SK,SI,ES,SJ,SE,CH,UA,GB",0.01,6059407683091,Engaged with WhoSay Facebook Page,custom_audience
US,0.02,6059191558891,WhoSay Editorial Video Viewers 25%,custom_audience
US,0.05,6058005743491,Kimberly Kimble Get that Look Episode 1 - 10 Seconds,custom_audience
US,0.01,23842594424220243,LEGO Batman Trailer Retargeting,custom_audience
US,0.01,23842594423810243,Fist Fight Trailer Retargeting,custom_audience
US,0.01,23842594420670243,House Trailer Retargeting,custom_audience
US,0.01,23842594420130243,CHIPS Trailer Retargeting,custom_audience
US,0.03,6036053857386,Centric TV Brand,custom_audience
US,0.01,6036053857386,Centric TV Brand,custom_audience
US,0.01,6048428034186,MTV Movie Awards Keywords,custom_audience
US,0.07,6047913577986,,custom_audience
US,0.05,6047913577986,,custom_audience
US,0.03,6047913577986,,custom_audience
US,0.01,6047913577986,,custom_audience
US,0.07,6047913590586,BET NOW App URL,custom_audience
US,0.05,6047913590586,BET NOW App URL,custom_audience
US,0.03,6047913590586,BET NOW App URL,custom_audience
US,0.01,6047913590586,BET NOW App URL,custom_audience
US,0.07,6041894795786,BET Soul Train Awards Keyword,custom_audience
US,0.05,6041894795786,BET Soul Train Awards Keyword,custom_audience
US,0.03,6041894795786,BET Soul Train Awards Keyword,custom_audience
US,0.07,6041894821586,BET Soul Train Awards URL,custom_audience
US,0.05,6041894821586,BET Soul Train Awards URL,custom_audience
US,0.03,6041894821586,BET Soul Train Awards URL,custom_audience
US,0.07,6041894904986,BET News URL,custom_audience
US,0.05,6041894904986,BET News URL,custom_audience
US,0.03,6041894904986,BET News URL,custom_audience
US,0.07,6041894880986,BET Music URL,custom_audience
US,0.05,6041894880986,BET Music URL,custom_audience
US,0.03,6041894880986,BET Music URL,custom_audience
US,0.07,6041899634386,BET Hip Hop Awards URL,custom_audience
US,0.05,6041899634386,BET Hip Hop Awards URL,custom_audience
US,0.03,6041899634386,BET Hip Hop Awards URL,custom_audience
US,0.07,6041899655386,BET Hip Hop Awards Keyword,custom_audience
US,0.05,6041899655386,BET Hip Hop Awards Keyword,custom_audience
US,0.03,6041899655386,BET Hip Hop Awards Keyword,custom_audience
US,0.01,6033995872786,BET Brand,custom_audience
US,0.01,6045968318786,BET The Game URL,custom_audience
US,0.01,6047116158986,CMT Dude Perfect Keyword,custom_audience
US,0.01,6047116270186,CMT Music Awards Keyword,custom_audience
US,0.01,6047106267786,CCSU George Lopez Keyword,custom_audience
US,0.01,6046778912786,TVL Lopez URL,custom_audience
US,0.01,6042605486386,VH1 LeAnn & Eddie URL,custom_audience
US,0.01,6042605713386,VH1 I Heart Nick Carter Keyword,custom_audience
US,0.01,6042605646386,Kellie Pickler Keyword,custom_audience
US,0.01,6039272104186,CMT Brand,custom_audience
US,0.03,6025621539786,TV Land Younger URL,custom_audience
US,0.01,6041015991386,BET Being Mary Jane URL,custom_audience
US,0.01,6041015964186,BET Being Mary Jane Keyword,custom_audience
US,0.01,6032990920786,MTV Faking It URL,custom_audience
US,0.01,6038360400986,MTV Girl Code Live URL,custom_audience
US,0.01,6036421748586,MTV Todrick URL,custom_audience
US,0.01,6029994279186,VH1 Candidly Nicole URL,custom_audience
US,0.01,6029994607186,VH1 Dating Naked URL,custom_audience
US,0.01,6035303374586,VH1 Twinning URL,custom_audience
US,0.01,6025741288786,TV Land The Exes URL,custom_audience
US,0.01,6025735877786,TV Land The Jim Gaffigan Show URL,custom_audience
US,0.01,6027974719586,MTV Eye Candy URL,custom_audience
US,0.01,6034409808586,MTV Eye Candy Keyword,custom_audience
US,0.01,6034481778586,Bella Thorne Keyword,custom_audience
US,0.01,6027974709386,MTV Awkward URL,custom_audience
US,0.01,6034411719186,MTV Awkward Keyword,custom_audience
US,0.01,6027974752786,MTV Teen Wolf URL,custom_audience
US,0.01,6034409702986,MTV Teen Wolf Keyword,custom_audience
US,0.01,6029659221986,MTV Scream URL,custom_audience
US,0.01,6029659241186,MTV Scream Keyword,custom_audience
US,0.02,23842772149710188,Proud Mary 95% Viewed Retargeting,custom_audience
US,0.1,23843535651670407,People who engaged with your page: Jersey Shore,custom_audience
US,0.1,23843608254030407,People who engaged with your page: The Challenge,custom_audience
US,0.1,23843608245940407,People who engaged with your page: MTV,custom_audience
US,0.01,23843450768570407,People who engaged on VENA Facebook Page L365D,custom_audience
US,0.01,23843450769430407,People who engaged on VENA IG Profile L365D,custom_audience
US,0.01,23843450744780407,People who engaged on WNO Facebook Page L365D,custom_audience
US,0.01,23843450750730407,People who engaged on WNO IG Profile L365D,custom_audience
US,0.01,23842715270530243,Logo Page Engagers Retargeting,custom_audience
US,0.01,23842710162470243,Ayo & Teo - LIT Retargeting,custom_audience
US,0.01,23842580588310407,Baywatch Trailer Retargeting,custom_audience
US,0.01,23843736203280114,Hotels Com : People who viewed 95% of video from previous campaign,custom_audience
US,0.01,23843736202050114,Hotels Com : People who viewed 3s of video from previous campaign,custom_audience
US,0.03,23843712513990114,People who viewed at least 10 seconds of CC_Pringles videos,custom_audience
US,0.03,23843595993960114,People who viewed at least 10 seconds of Liza's videos,custom_audience
US,0.03,23843595989580114,People who viewed at least 10 seconds of CC's videos,custom_audience
US,0.01,23843390611850114,Hotels Com : Handle TDS FB : Watched 95% of Video,custom_audience
US,0.01,23843390326370114,Hotels Com : Handle CC FB : Watched 95% of Video,custom_audience
US,0.01,23843390304990114,Hotels Com : Handle CC IG : Watched 95% Of Video,custom_audience
US,0.04,23843384349710114,HCOM - People who engaged with TDS Instagram,custom_audience
US,0.04,23843384347010114,HCOM - People who engaged with TDS Facebook,custom_audience
US,0.04,23843384337740114,HCOM - People who engaged with CC Instagram,custom_audience
US,0.04,23843384333400114,HCOM - People who engaged with CC Facebook,custom_audience
US,0.02,23843120820140114,TheDailyShow L365D,custom_audience
US,0.02,23843119709640114,ComedyCentral L365D,custom_audience
US,0.02,23843340046900207,Everyone engaged with Jessica Lewis FB Page,custom_audience
US,0.05,23843234431690559,"95% Completed, Olay 28 Day Challenge",custom_audience
US,0.05,23843206995950357,"95% Completed, Olay Feel The Whip",custom_audience
US,0.02,23843035815770207,People Who Visited Direct.GilletteVenus.Com,custom_audience
US,0.02,23842998884850207,People Who Watched at 95% of Becky's Videos,custom_audience
US,0.02,23842998883300207,People Who Watched at Least 10 Seconds of Becky's Videos,custom_audience
US,0.02,23842998880480207,People Who Watched at Least 3 Seconds of Becky's Videos,custom_audience
US,0.05,23842917864900559,95% Watched Olay 28 Day Challenge,custom_audience
US,0.1,23843096170840470,WHOSAY ABC Mouse Complete Registrations L90D,custom_audience
US,0.04,23843096170840470,WHOSAY ABC Mouse Complete Registrations L90D,custom_audience
US,0.01,23843096170840470,WHOSAY ABC Mouse Complete Registrations L90D,custom_audience
US,0.02,23843076424960470,Video Views 180,custom_audience
US,0.01,23843054751890351,Discover Cash Back Debit Karen Civil Views,custom_audience
US,0.01,23843054751830351,Discover Cash Back Debit Quincy Davis Views,custom_audience
US,0.01,23843130757080351,WSJ Don't Wait Video Viewers,custom_audience
US,0.01,23843130711750351,Everyone engaged with Nathan Latka IG Profile,custom_audience
US,0.01,23843130710750351,Everyone engaged with Nathan Latka FB Page,custom_audience
US,0.01,23843130697200351,Everyone engaged with Bill Rancic IG Profile,custom_audience
US,0.01,23843130686340351,Everyone Engaged With Bill Rancic FB Page,custom_audience
US,0.01,23843130684130351,Everyone engaged with Julie Morganstern IG Profile,custom_audience
US,0.01,23843130683920351,Everyone Engaged With Julie Morganstern FB Page,custom_audience
US,0.04,23843127053800351,People who have watched at least 95% of Dean The Basset video,custom_audience
US,0.04,23843127053290351,People who viewed at least 10 seconds of Dean The Basset video,custom_audience
US,0.04,23843127052570351,People who viewed at least 3 seconds of Dean The Basset video,custom_audience
US,0.04,23843127050670351,People who have watched at least 95% of Amy Loochtan video,custom_audience
US,0.04,23843127050190351,People who viewed at least 10 seconds of Amy Loochtan video,custom_audience
US,0.04,23843127049610351,People who viewed at least 3 seconds of Amy Loochtan video,custom_audience
US,0.03,23843118133510351,People who viewed at 95% of Sterling's videos,custom_audience
US,0.03,23843118133300351,People who viewed at least 10 seconds of Sterling's videos,custom_audience
US,0.03,23843118132940351,People who viewed at least 3 seconds of Sterling's videos,custom_audience
US,0.03,23843118132740351,People who viewed at 95% of Lolo's videos,custom_audience
US,0.03,23843118132660351,People who viewed at least 10 seconds of Lolo's videos,custom_audience
US,0.03,23843118131280351,People who viewed at least 3 seconds of Lolo's videos,custom_audience
US,0.04,23843116778590351,People who viewed at least 95% of Next With Nita video,custom_audience
US,0.04,23843116778470351,People who viewed at least 10 seconds of Next With Nita video,custom_audience
US,0.04,23843116778020351,People who viewed at least 3 seconds of Next With Nita video,custom_audience
US,0.04,23843116777850351,People who viewed at least 95% of Pooch of NYC video,custom_audience
US,0.04,23843116777770351,People who viewed at least 10 seconds of Pooch of NYC video,custom_audience
US,0.04,23843116777570351,People who viewed at least 3 seconds of Pooch of NYC video,custom_audience
US,0.04,23843098237650351,Custom Eva IG fans,custom_audience
US,0.04,23843098237170351,Custom Eva FB fans,custom_audience
US,0.04,23843093133340351,Custom Audience Adam Richman IG,custom_audience
US,0.04,23843093132530351,Custom Audience of Adam Richman FB,custom_audience
US,0.1,23843081241970351,Walmart TRK Ryan Secret Instagram,custom_audience
US,0.1,23843081241920351,Walmart TRK Ryan Secret Facebook,custom_audience
US,0.1,23843081241790351,Walmart TRK Gavin Raygoza Instagram,custom_audience
US,0.1,23843081241770351,Walmart TRK Gavin Raygoza Facebook,custom_audience
US,0.1,23843081240880351,Walmart TRK Denise Otico Instagram,custom_audience
US,0.1,23843081240270351,Walmart TRK Denise Otico Facebook,custom_audience
US,0.1,23843081239640351,Walmart TRK Beverley Mitchell Instagram,custom_audience
US,0.1,23843081237180351,Walmart TRK Beverley Mitchell Facebook,custom_audience
US,0.05,23843080530610351,People who have watched at least 95% of Beverley Mitchell video,custom_audience
US,0.05,23843080530250351,People who viewed at least 10 seconds of Beverley Mitchell video,custom_audience
US,0.05,23843080530080351,People who viewed at least 3 seconds of Beverley Mitchell video,custom_audience
US,0.05,23843072974290351,People who viewed at least 95% of Dad With A Pan,custom_audience
US,0.05,23843072974040351,People who viewed at least 10 seconds of Dad With A Pan,custom_audience
US,0.05,23843072973890351,People who viewed at least 3 second of Dad With A Pan,custom_audience
US,0.05,23843072973520351,People who viewed at least 95% of William Haynes,custom_audience
US,0.05,23843072972990351,People who viewed at least 10 seconds of William Haynes,custom_audience
US,0.05,23843072968800351,People who viewed at least 3 second of William Haynes,custom_audience
US,0.05,23843072967870351,People who viewed at least 95% of Denise Otico,custom_audience
US,0.05,23843072967010351,People who viewed at least 3 seconds of Denise Otico,custom_audience
US,0.05,23843071419190351,People who viewed at least 10 seconds of Denise Otico,custom_audience
US,0.03,23843068656720351,Everyone who engaged with Camille Styles IG Page,custom_audience
US,0.03,23843068592540351,Everyone who engaged with Camille Styles FB Page,custom_audience
US,0.03,23843068256690351,People who engaged with Christian's IG page,custom_audience
US,0.03,23843068256560351,People who engaged with Christian's FB page,custom_audience
US,0.03,23843068251460351,People who engaged with Lana's IG page,custom_audience
US,0.03,23843068250610351,People who engaged with Lana's FB page,custom_audience
US,0.02,23843068250310351,People who viewed 95% of Noah's Videos,custom_audience
US,0.02,23843068249980351,People who viewed at least 10 seconds of Noah's Videos,custom_audience
US,0.03,23843068249110351,People who viewed 95% of Bri's Videos,custom_audience
US,0.03,23843068247200351,People who viewed at least 10 seconds of Bri's Videos,custom_audience
US,0.03,23843068235660351,People who viewed 95% of George's Videos,custom_audience
US,0.03,23843068233790351,People who viewed at least 10 seconds of George's Videos,custom_audience
US,0.03,23843068225690351,People who viewed 95% of Katie's Videos,custom_audience
US,0.03,23843068222480351,People who viewed at least 10 seconds of Katie's Videos,custom_audience
US,0.03,23843068212540351,People who viewed 95% of Johnson's Videos,custom_audience
US,0.03,23843068211900351,People who viewed at least 10 seconds of Johnson's Videos,custom_audience
US,0.1,23843061331150351,Custom Audience Who Engaged with RuPaulDragRace IG,custom_audience
US,0.1,23843061327620351,Custom Audience Who Engaged with RuPaul's FB Page,custom_audience
US,0.1,23843061338570351,Custom Audience Who Engaged with Lili Reinhart FB,custom_audience
US,0.1,23843059524930351,Walmart TRK Kyle Andreasen Instagram,custom_audience
US,0.1,23843059524020351,Walmart TRK Kyle Andreasen Facebook,custom_audience
US,0.1,23843058169640351,Walmart TRK Sam Anderson Instagram,custom_audience
US,0.1,23843058169030351,Walmart TRK Sam Anderson Facebook,custom_audience
US,0.1,23843058155360351,Walmart TRK Kayli Butler Instagram,custom_audience
US,0.1,23843058154830351,Walmart TRK Kayli Butler Facebook,custom_audience
US,0.04,23843058053900351,People Who Engage With Tiffany Davidsons IG,custom_audience
US,0.04,23843058053020351,People Who Engage With Tiffany Davidsons FB,custom_audience
US,0.1,23843051452230351,Walmart TRK Gabe & Garrett Ernst Instagram,custom_audience
US,0.1,23843051447200351,Walmart TRK Gabe & Garrett Ernst Facebook,custom_audience
US,0.1,23843050004270351,Walmart TRK Kari Jensen Instagram,custom_audience
US,0.1,23843050003720351,Walmart TRK Kari Jensen Facebook,custom_audience
US,0.1,23843049974980351,Walmart TRK Caitlin Lindquist Instagram,custom_audience
US,0.1,23843049967410351,Walmart TRK Caitlin Lindquist Facebook,custom_audience
US,0.04,23843037052650351,People Who Engage With William Haynes Instagram,custom_audience
US,0.04,23843037052300351,People Who Engage With William Haynes Facebook,custom_audience
US,0.04,23843037039330351,People Who Engage With Dad With A Pan Instagram,custom_audience
US,0.04,23843037038360351,People Who Engage With Dad With A Pan Facebook,custom_audience
US,0.04,23843037029090351,People Who Engage With Denise Otico Instagram,custom_audience
US,0.04,23843037029000351,People Who Engage With Denise Otico Facebook,custom_audience
US,0.05,23843033702380351,Custom Karamo Brown FB engaged audience,custom_audience
US,0.05,23843033702000351,Custom Karamo Brown IG engaged audience,custom_audience
US,0.05,23843033312170351,Custom Landry Bender FB Engaged Audience,custom_audience
US,0.1,23843033305720351,Walmart TRK Ashley Segura Instagram,custom_audience
US,0.05,23843033311340351,Custom Landry Bender IG Engaged Audience,custom_audience
US,0.1,23843033309610351,Walmart TRK Katie Ryan Instagram,custom_audience
US,0.1,23843033309270351,Walmart TRK Katie Ryan Facebook,custom_audience
US,0.1,23843033308660351,Walmart TRK GabebabeTV Instagram,custom_audience
US,0.1,23843033308330351,Walmart TRK GabebabeTV Facebook,custom_audience
US,0.1,23843033307780351,Walmart TRK Tiffany Davidson Instagram,custom_audience
US,0.1,23843033307220351,Walmart TRK Tiffany Davidson Facebook,custom_audience
US,0.1,23843033306690351,Walmart TRK Ashlee Nichols Instagram,custom_audience
US,0.1,23843033306030351,Walmart TRK Ashlee Nichols Facebook,custom_audience
US,0.1,23843033297060351,Walmart TRK Ashley Segura Facebook,custom_audience
US,0.05,23843031985000351,Custom Beverley Mitchell FB engaged audience,custom_audience
US,0.05,23843031984800351,Custom Beverley Mitchell IG engaged audience,custom_audience
US,0.05,23843031934640351,Custom Sydney Leroux FB engaged audience,custom_audience
US,0.1,23843028663580351,Walmart OGP Allyson Zea Instagram,custom_audience
US,0.1,23843028663260351,Walmart OGP Allyson Zea Facebook,custom_audience
US,0.1,23843028663060351,Walmart OGP Paola Marquez Instagram,custom_audience
US,0.1,23843028662990351,Walmart OGP Paola Marquez Facebook,custom_audience
US,0.04,23843025609770351,People who engaged with Jasmine Luv IG Profile,custom_audience
US,0.04,23843025609670351,People who engaged with Jasmine Luv FB Page,custom_audience
US,0.04,23843025609360351,People who engaged with Iman Crosson IG Profile,custom_audience
US,0.04,23843025608630351,People who engaged with Iman Crosson FB Page,custom_audience
US,0.04,23843020412420351,People who engage with Antoinette Facebook Page,custom_audience
US,0.04,23843020413530351,People who engaged wit Antoinette Instagram Page,custom_audience
US,0.1,23843018635810351,Walmart OGP Rachel Quenzer Facebook,custom_audience
US,0.1,23843018635610351,Walmart OGP Rachel Quenzer Instagram,custom_audience
US,0.1,23843016021210351,Walmart OGP Christina Lane Instagram,custom_audience
US,0.1,23843016021130351,Walmart OGP Christina Lane Facebook,custom_audience
US,0.1,23843016021060351,Walmart OGP Mely Martinez Instagram,custom_audience
US,0.1,23843016020000351,Walmart OGP Mely Martinez Facebook,custom_audience
US,0.04,23843013275660351,People who viewed at least 95% of Twix stories,custom_audience
US,0.04,23843013274060351,People who viewed at least 10 seconds of Twix stories,custom_audience
US,0.04,23843013273550351,People who viewed at least 3 seconds of Twix IG stories,custom_audience
US,0.04,23843013270370351,People who viewed at least 95% of Twix full length video,custom_audience
US,0.04,23843013270230351,People who viewed at least 10 seconds of Twix full length video,custom_audience
US,0.04,23843013269960351,People who viewed at least 3 seconds of Twix full length video,custom_audience
US,0.04,23843096308760559,People who view at least 3 seconds of Justin Roberts video,custom_audience
US,0.04,23843096315240559,People who viewed at least 3 second of Lizzy Greene video,custom_audience
US,0.04,23843096317930559,People who viewed at least 3 second of Marcus Scribner video,custom_audience
US,0.04,23843096347370559,People who viewed at least 10 second of Justin Roberts video,custom_audience
US,0.04,23843096348870559,People who viewed at least 10 seconds of Lizzy Greene video,custom_audience
US,0.04,23843096364270559,People who views at least 10 seconds of Marcus Scribner video,custom_audience
US,0.04,23843096387880559,People who have watched at least 95% of Justin Roberts video,custom_audience
US,0.04,23843096389690559,People who have watched at least 95% of Lizzie Greene Video,custom_audience
US,0.04,23843096390450559,People who have watched at least 95% of Marcus Scribner video,custom_audience
US,0.04,23843011572310351,Marcus Scribner : FB Engaged Fans,custom_audience
US,0.04,23843011507500351,Lizzy Greene : FB Engaged Fans,custom_audience
US,0.04,23843009563500351,People Who Engage With Jasmine Luv IG,custom_audience
US,0.04,23843009563040351,People Who Engage With Jasmin Luv FB,custom_audience
US,0.04,23843008040970351,People Who Engage With Adelaine Morin IG,custom_audience
US,0.04,23843007797010351,People Who Engage With Adelaine Morin FB,custom_audience
US,0.04,23843002482350351,People Who Engage With Quincy Davis,custom_audience
US,0.04,23843002481290351,People Who Engage With Karen Civil,custom_audience
US,0.04,23843002475650351,People Who Engage With Barbara Cororan,custom_audience
US,0.1,23843001434740351,Walmart OGP Candace Cameron Bure Facebook,custom_audience
US,0.1,23843001433400351,Walmart OGP Kayli Butler Instagram,custom_audience
US,0.1,23843001432860351,Walmart OGP Kayli Butler Facebook,custom_audience
US,0.1,23843001432620351,Walmart OGP Sina Duvinage Instagram,custom_audience
US,0.1,23843001432490351,Walmart OGP Sina Duvinage Facebook,custom_audience
US,0.1,23843001432310351,Walmart OGP Lacey Baier Instagram,custom_audience
US,0.1,23843001432000351,Walmart OGP Lacey Baier Facebook,custom_audience
US,0.1,23843001431650351,Walmart OGP Demetra Overton Instagram,custom_audience
US,0.1,23843001429910351,Walmart OGP Demetra Overton Facebook,custom_audience
US,0.04,23843001383410351,People Who Engage With Jay Caesar,custom_audience
US,0.1,23843000207050351,Walmart OGP Tiffany Davidson Instagram,custom_audience
US,0.1,23843000206940351,Walmart OGP Tiffany Davidson Facebook,custom_audience
US,0.02,23843000103150351,People who Engaged With Jet Tila's Page,custom_audience
US,0.04,23843069567830357,People Who Engage With K Ellis Instagram,custom_audience
US,0.04,23843069567770357,People Who Engage With K Ellis Facebook,custom_audience
US,0.1,23843046712770357,Walmart TRK Kelly Larkin Instagram,custom_audience
US,0.1,23843046711940357,Walmart TRK Kelly Larkin Facebook,custom_audience
US,0.05,23843112255240510,Custom Audience who installed the App,custom_audience
US,0.05,23843112255410510,Custom Audience who are top 25% active users,custom_audience
US,0.05,23843112255870510,Custom Audience who launched app in 180 days,custom_audience
US,0.02,23843110092770510,Custom Audience : Engaged with Talent FB,custom_audience
US,0.02,23843390741370563,50% Watched Of Train Your Dragon,custom_audience
US,0.03,23843390741370563,50% Watched Of Train Your Dragon,custom_audience
US,0.01,23843390741370563,50% Watched Of Train Your Dragon,custom_audience
US,0.05,23843327369580563,The Daily Show Glass Movie 95% Watched,custom_audience
US,0.06,23843327369580563,The Daily Show Glass Movie 95% Watched,custom_audience
US,0.03,23843327369580563,The Daily Show Glass Movie 95% Watched,custom_audience
US,0.04,23843327369580563,The Daily Show Glass Movie 95% Watched,custom_audience
US,0.02,23843327369580563,The Daily Show Glass Movie 95% Watched,custom_audience
US,0.01,23843327369580563,The Daily Show Glass Movie 95% Watched,custom_audience
US,0.1,23843190783920563,Nickelodeon Page_95% Completed View,custom_audience
US,0.03,23844204358410673,Everyone who engaged with AdamRippon FB Page L365D,custom_audience
US,0.03,23844272646670673,People who viewed 3 sec of Adam Skittles Dips CTA videos,custom_audience
US,0.03,23844268131370673,Everyone who engaged with Adam Rippon FB Page L30D,custom_audience
US,0.03,23844262891470673,People Who Have Viewed 3 sec Skittles Dip Video,custom_audience
US,0.02,23844204358410673,Everyone who engaged with AdamRippon FB Page L365D,custom_audience
US,0.01,23844204358410673,Everyone who engaged with AdamRippon FB Page L365D,custom_audience
US,0.03,23844176391490673,People Who Viewed At Least 3 Seconds Of AM's Pre-Game Videos,custom_audience
US,0.03,23844176395580673,People Who Viewed At Least 3 Seconds Of AM's Post-Game Videos,custom_audience
US,0.01,23843580614690673,Users who viewed 10 seconds of Arushi Snazzy Mom Pedigree Hero Video,custom_audience
US,0.01,23843562282000673,People who viewed 10 sec of LiveSweet Pedigree Nick Video,custom_audience
US,0.04,23843422540900673,Custom audience who are Mario Lopez IG fans,custom_audience
US,0.04,23843422539580673,Custom audience who are Mario Lopez FB fans,custom_audience
US,0.04,23843356703010673,People who have watched at 95% of Jenny's content,custom_audience
US,0.04,23843356702100673,People who have watched at 50% of Jenny's content,custom_audience
US,0.04,23843356684740673,People who viewed at least 3 seconds of Jenny's content,custom_audience
US,0.04,23843276925080673,Mars TWIX Matt Cutshall Instagram,custom_audience
US,0.04,23843276925040673,Mars TWIX Matt Cutshall Facebook,custom_audience
US,0.05,23843183854860673,Custom Audience Arielle Instagram,custom_audience
US,0.05,23843183854560673,Custom Audience Arielle Vandenberg FB fans,custom_audience
US,0.04,23843045468520686,Custom Audience : Manon Mathews IG Profile,custom_audience
US,0.04,23843045431890686,Manon Mathews : Custom Audience FB Page,custom_audience
US,0.04,23843427864520533,Retargeting Jana Kramer Burts Bees Hero Video 2019,custom_audience
US,0.03,23843563066020533,People who viewed 10 seconds of Manon's Pringles videos,custom_audience
US,0.03,23843563065530533,People who viewed 10 seconds of Matt's Pringles videos,custom_audience
US,0.03,23843543997760533,AT&T ICW 2019 Website Visitors,custom_audience
US,0.02,23843542263060533,Gabe and Garret IG Fans,custom_audience
US,0.02,23843542253340533,Gabe and Garret FB Fans,custom_audience
US,0.03,23843519687190533,People who viewed at least 10 seconds of Chris's videos,custom_audience
US,0.02,23843515029060533,Custom Audience Engaged With Nicole Laeno FB L12M,custom_audience
US,0.02,23843515032260533,Custom Audience Engaged With Nicole Laeno IG L12M,custom_audience
US,0.03,23843458421580533,Cuervo Clusterfest - Manon Mathews IG,custom_audience
US,0.03,23843458421130533,Cuervo Clusterfest - Manon Mathews FB,custom_audience
US,0.02,23843440920540533,People who have watched 95% of Marcus's AT&T videos,custom_audience
US,0.02,23843440912400533,People who viewed 10 seconds of Marcus's AT&T videos,custom_audience
US,0.02,23843440910690533,People who have watched 95% of Melissa's AT&T videos,custom_audience
US,0.02,23843440906840533,People who viewed 10 seconds of Melissa's AT&T videos,custom_audience
US,0.04,23843437045580533,People who have watched at 95% of Mary Padian IG Stories,custom_audience
US,0.04,23843437042700533,People who viewed at least 3 seconds of Mary Padian IG Stories,custom_audience
US,0.03,23843434885180533,People who viewed at 95% of G&G's videos,custom_audience
US,0.03,23843434883780533,People who viewed at least 10 seconds of G&G's videos,custom_audience
US,0.03,23843434879490533,People who viewed at least 3 seconds of G&G's videos,custom_audience
US,0.01,23843427864520533,Retargeting Jana Kramer Burts Bees Hero Video 2019,custom_audience
US,0.03,23843367684830533,People Who Engaged With Jarvis's IG Page,custom_audience
US,0.03,23843367676540533,People Who Engaged With Jarvis's FB Page,custom_audience
US,0.02,23843058107220559,People who viewed 3 seconds of Presummer Videos,custom_audience
US,0.04,23843333929360533,Mars TWIX Matt Cutshall Facebook,custom_audience
US,0.04,23843333928430533,Mars TWIX Matt Cutshall Instagram,custom_audience
US,0.04,23843332075340533,People Who Have Engaged With Nickelodeon Page,custom_audience
US,0.03,23843324626960533,People who engaged with Marcus Scribner's FB Page,custom_audience
US,0.03,23843324663790533,People who engaged with Melissa Raunch's FB page,custom_audience
US,0.02,23843331977690357,People who have watched at 95% of AT&T ICW 2018 videos,custom_audience
US,0.01,23843308549080533,BET Little 95% viewers,custom_audience
US,0.01,23843308546700533,BET Little 10sec viewers,custom_audience
US,0.02,23843281395760533,People who viewed 10 seconds of Ava Ryan CTC KCA Hero Asset,custom_audience
US,0.04,23843242104090533,People who engaged with Ming Lee Simmons FB Page,custom_audience
US,0.04,23843237899260533,People who viewed 10 seconds of BET Lexus Videos,custom_audience
US,0.02,23843237899260533,People who viewed 10 seconds of BET Lexus Videos,custom_audience
US,0.04,23843231462880533,Everyone who engaged on Diggy IG Profile,custom_audience
US,0.04,23843231460730533,Everyone who engaged with Diggy FB Page,custom_audience
US,0.05,23843210192240533,Custom audience Kelsey Nixon IG fans,custom_audience
US,0.05,23843210191940533,Custom audience Kelsey Nixon FB fans,custom_audience
US,0.04,23843209531700533,Retargeting Milk-Bone 10-Second Viewers,custom_audience
US,0.04,23843195565400533,People who have watched 95% of Amy Loochtan video,custom_audience
US,0.04,23843195560770533,People who have watched 95% of Next With Nita video,custom_audience
US,0.04,23843195558550533,People who have watched 95% of Dean The Basset video,custom_audience
US,0.04,23843195556830533,People who have watched 95% of Pooch of NYC video,custom_audience
US,0.02,23843195441410533,Retargeting WSJ Don't Wait 10-Second Viewers,custom_audience
US,0.02,23843195367510533,Everyone who engaged with Nathan Latka IG Profile,custom_audience
US,0.02,23843195357270533,Everyone who engaged with Bill Rancic IG Profile,custom_audience
US,0.02,23843195351830533,Everyone who engaged with Julie Morgen IG Profile,custom_audience
US,0.02,23843195334980533,Everyone who engaged with Nathan Latka FB Page,custom_audience
US,0.02,23843195328070533,Everyone who engaged with Bill Rancic FB Page,custom_audience
US,0.02,23843195322960533,Everyone who engaged with Julie Morgen FB Page,custom_audience
US,0.01,23843195091890533,Everyone Engaged On BET Instagram Profile,custom_audience
US,0.01,23843195076600533,Everyone Engaged On BET Facebook Page,custom_audience
US,0.05,23843192468470533,Custom Jay Pharoah FB fans,custom_audience
US,0.05,23843192466510533,Custom Joel McHale FB fans,custom_audience
US,0.02,23843055208510357,People who viewed 3 seconds of Prince Royce's videos,custom_audience
US,0.02,23843055207160357,People who viewed 3 seconds of Javier's videos,custom_audience
US,0.03,23843608449000732,People who viewed 95% of Vashtie's OGX videos,custom_audience
US,0.03,23843608448770732,People who viewed 10 seconds of Vashtie's OGX videos,custom_audience
US,0.03,23843608448160732,People who viewed 3 seconds of Vashtie's OGX videos,custom_audience
US,0.01,23843509197580732,People who engaged on Lauren Bushnell FB L365D,custom_audience
US,0.01,23843509199080732,People who engaged with Lauren Bushnell IG L365D,custom_audience
US,0.03,23843443969980732,People who viewed 95% of Jessica's OGX video,custom_audience
US,0.03,23843443969790732,People who viewed 10 seconds of Jessica's OGX video,custom_audience
US,0.03,23843443969220732,People who viewed 3 seconds of Jessica's OGX video,custom_audience
US,0.02,23843383575340732,People who engaged with Clean & Clear IG Profile,custom_audience
US,0.02,23843383572260732,People who engaged with Clean & Clear FB Page,custom_audience
US,0.02,23843331015660732,Retargeting 3+ seconds of Hydroboost cutdown,custom_audience
US,0.04,23843330723380732,Retargeting Audience 10+ Seconds Hydroboost,custom_audience
US,0.03,23843276419330732,People who viewed 95% of Remi's OGX video,custom_audience
US,0.03,23843276416080732,People who viewed 10 seconds of Remi's OGX video,custom_audience
US,0.03,23843276403170732,People who viewed 3 seconds of Remi's OGX video,custom_audience
US,0.05,23843253291070294,Pop-Tarts Maddie Ziegler IG L365D,custom_audience
US,0.01,23843253291070294,Pop-Tarts Maddie Ziegler IG L365D,custom_audience
US,0.05,23843253291790294,Pop-Tarts Atomic Mari IG L365D,custom_audience
US,0.01,23843253291790294,Pop-Tarts Atomic Mari IG L365D,custom_audience
US,0.05,23843253292310294,Pop-Tarts Alex Aiono IG L365D,custom_audience
US,0.01,23843253292310294,Pop-Tarts Alex Aiono IG L365D,custom_audience
US,0.05,23843253292740294,Pop-Tarts Christian Navarro IG L365D,custom_audience
US,0.01,23843253292740294,Pop-Tarts Christian Navarro IG L365D,custom_audience
US,0.02,23844160160230461,Custom Audience Splack,custom_audience
US,0.02,23844160158420461,Custom Audience Nale The Cat,custom_audience
US,0.02,23844160156900461,Custom Audience Harlow And Sage,custom_audience
US,0.02,23844160155060461,Custom Audience Crusoe The Daschund,custom_audience
US,0.02,23844160153470461,Custom Audience Charles Barkley,custom_audience
US,0.02,23844160147790461,Custom Audience Waffles The Cat,custom_audience
US,0.02,23844160146480461,Custom Audience Coby The Cat,custom_audience
US,0.02,23843974161490461,Custom Audience Engaged With Whitney Page,custom_audience
US,0.02,23843974128950461,Custom Audience Engaged With Yara Page,custom_audience
US,0.01,23843420190410691,Users who engaged with Marcus Scribner Pages L6D,custom_audience
US,0.01,23843420189640691,People who viewed 10sec+ Marcus Scribner Wonder Bone Video,custom_audience
US,0.01,23843420189130691,People who viewed 10 sec+ of Marcus Scribner Gnaw Bone Video,custom_audience
US,0.04,23843398774950691,People who have watched at 95% of Gen's #TrueTreats content,custom_audience
US,0.04,23843398773390691,People who viewed at least 10 seconds of Gen's #TrueTreats content,custom_audience
US,0.04,23843398770540691,People who have viewed at least 3 seconds of Gen's #TrueTreats content,custom_audience
US,0.04,1029807820362804,,multi_event_source
US,0.02,1029807820362804,,multi_event_source
US,0.01,1029807820362804,,multi_event_source
US,0.04,23843329532620161,Proactiv - Custom Audience Engaged with TeenNic IG,custom_audience
US,0.04,23843329532520161,Proactiv - Custom Audience Engaged with TeenNic FB,custom_audience
US,0.04,23843329523170161,Proactiv - Custom Audience Engaged with AweTV IG,custom_audience
US,0.04,23843329522860161,Proactiv - Custom Audience Engaged with AweTV FB,custom_audience
US,0.04,23843329522160161,Proactiv - Custom Audience Engaged with MTV IG,custom_audience
US,0.04,23843329518550161,Proactiv - Custom Audience Engaged with MTV FB,custom_audience
US,0.03,23843329471840161,Proactiv - Custom Audience Purchase on Proactiv,custom_audience
US,0.04,23843329471840161,Proactiv - Custom Audience Purchase on Proactiv,custom_audience
US,0.02,23843329471840161,Proactiv - Custom Audience Purchase on Proactiv,custom_audience
US,0.01,23843329471840161,Proactiv - Custom Audience Purchase on Proactiv,custom_audience
US,0.02,23843518933280209,Kelsey Nixon Instant Experience Custom Audience,custom_audience
US,0.01,23843518933280209,Kelsey Nixon Instant Experience Custom Audience,custom_audience
US,0.02,23843486614740209,CA ICBINB Top 25% Website Visitors L180D,custom_audience
US,0.03,23843486614740209,CA ICBINB Top 25% Website Visitors L180D,custom_audience
US,0.01,23843486614740209,CA ICBINB Top 25% Website Visitors L180D,custom_audience
US,0.03,23843472544700209,SubmittedForm_Kelsey Nixon_Chicken,custom_audience
US,0.02,23843472544700209,SubmittedForm_Kelsey Nixon_Chicken,custom_audience
US,0.01,23843472544700209,SubmittedForm_Kelsey Nixon_Chicken,custom_audience
US,0.04,23843386961780209,Custom Audience Jera Foster IG Fans,custom_audience
US,0.04,23843386959130209,Custom Audience Jera Foster FB Fans,custom_audience
US,0.04,23843373913690209,Custom Sophie Jaffe FB Fans,custom_audience
US,0.04,23843373910210209,Custom Latisha Springer IG Fans,custom_audience
US,0.04,23843373907560209,Custom Latisha Springer FB fans,custom_audience
US,0.04,23843370154020209,Custom Elianne Alexander IG fans,custom_audience
US,0.04,23843370153400209,Custom Elianne Alexander FB fans,custom_audience
US,0.04,23843370104920209,Custom The Typical Mom FB fans,custom_audience
US,0.04,23843370107060209,Custom The Typical Mom IG fans,custom_audience
US,0.04,23843364862680209,Custom Kitchy Kitchen IG fans,custom_audience
US,0.04,23843364862500209,Custom Kitchy Kitchen FB fans,custom_audience
US,0.04,23843362950450209,Custom Spoon Fork Bacon IG Fans,custom_audience
US,0.04,23843362926220209,Custom Spoon Fork Bacon FB Fans,custom_audience
US,0.04,23843424951550246,Custom Audience Monet FB Fans,custom_audience
US,0.04,23843424958340246,Custom Audience Monet IG Fans,custom_audience
US,0.04,23843375485740246,Custom Audience Hannah Simone FB Fans,custom_audience
US,0.03,23845127147740769,People Who Viewed At Least 3 Seconds Of BET McDonald's Videos,custom_audience
US,0.02,23843591320080769,User who engaged on DJ Megan Ryte FB L365D,custom_audience
US,0.02,23843509155080769,BET McDonalds - People who engaged with BET IG,custom_audience
US,0.02,23843509153780769,BET McDonalds - People who engaged with BET FB,custom_audience
US,0.01,23843486848420327,People who engaged with Whitney Post IG L365D,custom_audience
US,0.01,23843486846630327,People who engaged with Whitney Port FB Page L365D,custom_audience
US,0.04,23843459362090490,Custom Audience Jana Kramer FB fans,custom_audience
US,0.03,23844733845590130,Everyone who engaged with Egypt Sherrod FB Page,custom_audience
US,0.02,23843654469200770,Custom Audience Engaged With Ben Simmons' FB Page,custom_audience
US,0.04,23843654469200770,Custom Audience Engaged With Ben Simmons' FB Page,custom_audience
US,0.03,23843780796770558,People Who Engaged With Diane's FB Page,custom_audience
US,0.03,23843777762560558,People Who Engaged With Aja's FB Page,custom_audience
US,0.04,23843903933980216,Custom Audience Purchase Amount Top 25%,custom_audience
US,0.04,23843894957990216,Users installed app last 180 days,custom_audience
US,0.04,283073215166884,Azar,multi_event_source
US,0.03,23844350117660564,People who viewed at least 3 seconds of Maya's videos,custom_audience
US,0.03,23844321315420564,People who viewed at least 3 seconds Tiffany's videos,custom_audience
US,0.03,23844321313030564,People who viewed at least 3 seconds of Vagabrothers videos,custom_audience
US,0.01,23844250107310564,Users who watched 10sec+ Brian Westwood Hero 2,custom_audience
US,0.01,23844240367100564,Users who watched 10sec+ Brian Westwood Persil Hero 1,custom_audience
US,0.02,23844073047950564,Users who viewed Sonic Wacky Pack Influencer assets,custom_audience
US,0.03,23843975263030564,People Who Watched 95% Of Naomi's Videos,custom_audience
US,0.03,23843975262210564,People Who Viewed At Least 10 Seconds Of Naomi's Videos,custom_audience
US,0.03,23843975261560564,People Who Viewed At Least 3 Seconds Of Naomi's Videos,custom_audience
US,0.01,23843958158100564,Everyone who engaged with Karamo Brown IG Profile,custom_audience
US,0.01,23843958148230564,Everyone who engaged with Karamo Brown FB Page,custom_audience
US,0.04,23843957979700564,People who have watched at 95% of Under Armour content,custom_audience
US,0.04,23843957977890564,People who viewed at least 10 seconds of Under Armour content,custom_audience
US,0.04,23843957972410564,People who have viewed at least 3 seconds of Under Armour content,custom_audience
US,0.04,23843942716300564,People who have watched at 95% of Snuggle content,custom_audience
US,0.04,23843942714630564,People who viewed at least 10 seconds of Snuggle content,custom_audience
US,0.04,23843942713260564,People who viewed at least 3 seconds of Snuggle content,custom_audience
US,0.03,23843925421980564,People Who Watched 95% Of GoldGlove's Video,custom_audience
US,0.03,23843925420150564,People Who Viewed At Least 10 Seconds Of GoldGlove's Video,custom_audience
US,0.03,23843925419140564,People Who Viewed At Least 3 Seconds Of GoldGlove's Video,custom_audience
US,0.03,23843865770100564,People who viewed at least 10 seconds of Tati's videos,custom_audience
US,0.02,445780879107838,Gavin Leatherwood,page
US,0.02,23843981124840437,Custom Audience Engaged With Kiernan FB,custom_audience
US,0.02,23843981125470437,Custom Audience Engaged With Ben,custom_audience
US,0.01,23843981449900378,Users who engaged with Adrienne Finch FB Page,custom_audience
US,0.02,23844009347550043,Custom Audience Engaged With Mikey Murphy FB,custom_audience
US,0.02,23844005682420043,Custom Audience Engaged With Lazy Ron,custom_audience
US,0.02,23844005692530043,Custom Audience Engaged With Lazy Ron IG,custom_audience
US,0.04,23844236560200394,"Candid Custom Audience, Booked Appointment, L90D",custom_audience
US,0.03,23844236560200394,"Candid Custom Audience, Booked Appointment, L90D",custom_audience
US,0.02,1014095028726448,,multi_event_source
US,0.01,1014095028726448,,multi_event_source
US,0.02,23844236560200394,"Candid Custom Audience, Booked Appointment, L90D",custom_audience
US,0.01,23844236560200394,"Candid Custom Audience, Booked Appointment, L90D",custom_audience
US,0.03,23844081931870525,People Who Viewed At Least 3 Seconds Of Everette's Videos,custom_audience
US,0.01,23844100927510051,Claire Fountain- Everyone Who Engaged With FB Page,custom_audience
US,0.01,23844100923460051,Taylor Walker - Everyone Who Engaged With FB Page,custom_audience
US,0.01,23844100920430051,Evette Rios - Everyone Who Engaged With FB Page,custom_audience
US,0.01,23844100919210051,Kale Me Maybe - Everyone Who Engaged With FB Page,custom_audience
US,0.08,23842661509920388,People who engaged with Jana Kramer IG Page,custom_audience
US,0.08,23842661509460388,People who engaged with Jana Kramer FB Page,custom_audience
US,0.03,23844295488600071,People Who Viewed At Least 3 Seconds of AC's Videos,custom_audience
US,0.03,23844470969880153,People Who Viewed At Least 3 Seconds of Subway PSISLY Videos,custom_audience
US,0.04,822844304418520,Robert Fuggiti's Pixel,multi_event_source
US,0.03,23844386932060245,All PerriconeMD Website Visitors L30D,custom_audience
US,0.04,23844386949680245,People with Intent Member Status Perricone L30D,custom_audience
US,0.04,23844386947560245,People who Added Payment Info Perricone L30D,custom_audience
US,0.04,23844386943920245,People who Puchased Perricone within L30D,custom_audience
US,0.04,23844386938740245,People who Initiate Checkout Perricone within L30D,custom_audience
US,0.04,23844386937020245,People who Added To Cart at Perricone within L30D,custom_audience
US,0.04,23844386932060245,All PerriconeMD Website Visitors L30D,custom_audience
US,0.01,23844361425480245,Everyone who engaged with Elaine Welteroth FB Page,custom_audience
US,0.02,23844344201310084,Custom Audience Engaged With Bobby's FB,custom_audience
US,0.02,128247514553560,Chipotle Mexican Grill,multi_event_source
US,0.02,23844342812820084,Chipotle Top 10% Users By Purchase Amount,custom_audience
US,0.03,23844616957860527,People who have watched at 95% of Twitch videos,custom_audience
US,0.03,23844616955140527,People who viewed at least 10 seconds of Twitch videos,custom_audience
US,0.03,23844616916750527,People who viewed at least 3 seconds of Twitch videos,custom_audience
US,0.01,23844654937840480,Everyone who engaged Sharzad Kiadeh FB Page,custom_audience
US,0.01,23844654936150480,Everyone who engaged with Lesley Murphy IG Profile,custom_audience
US,0.01,23844654934040480,Everyone who engaged with Lesley Murphy FB Page,custom_audience
US,0.01,23844654929080480,Everyone who engaged with Ijeoma IG Profile,custom_audience
US,0.01,23844411644420480,Everyone who engaged with Ijeoma Facebook Page,custom_audience
US,0.02,23845108145070195,People who engaged on Travis Kelce IG Acct,custom_audience
US,0.02,23845108001780195,People who engaged Jasmine Luv IG acct,custom_audience
US,0.02,23845107887250195,People who engaged with Travis Kelce Pages,custom_audience
US,0.02,23845107880600195,People who engaged with Jasmine Luv Pages,custom_audience
US,0.02,23845107876160195,People who engaged with Deshaun Watson Pages,custom_audience
US,0.04,23843385225410153,Aussie - People who engaged with ATV Facebook,custom_audience
US,0.04,23843385216650153,Aussie - People who engaged with ATV Instagram,custom_audience
US,0.05,23843065694560153,Custom Audience : ATV Engaged Audience,custom_audience
US,0.1,1438479939744992,DreamWorksTV,page
US,0.03,1438479939744992,DreamWorksTV,page
US,0.1,23842720440170153,Everyone who engaged with AwesomenessTV FB Page,custom_audience
US,0.1,23842720440330153,Everyone who engaged with ATV Instagram page,custom_audience
US,0.01,23842720440170153,Everyone who engaged with AwesomenessTV FB Page,custom_audience
US,0.02,23842584873950153,Everyone Who Engaged with ATV's FB Page,custom_audience
US,0.02,23842615413910153,ATV-Banana Boat-Very Likely Emails 7.24,custom_audience
US,0.05,23842615413910153,ATV-Banana Boat-Very Likely Emails 7.24,custom_audience
US,0.01,23842615413910153,ATV-Banana Boat-Very Likely Emails 7.24,custom_audience
US,0.1,23842604628740153,AL - Nive Nulls - Anyone who's engaged w/ post or ad,custom_audience
US,0.1,23842604628490153,AL - Nive Nulls - Everyone who's engaged w/ the FB page,custom_audience
US,0.1,23842597897980153,AL - Awestruck - People who've watched 95% of (selected) FB videos - Last 365,custom_audience
US,0.1,23842597897850153,AL - Awestruck - People who saved Page or any post - Last 365 Days,custom_audience
US,0.1,23842597896680153,AL - Awestruck - Page Engagement - Last 365 Days,custom_audience
US,0.02,23842585751040153,Banana Boat - :10s Viewesr,custom_audience
US,0.05,23842585751040153,Banana Boat - :10s Viewesr,custom_audience
US,0.01,23842585751040153,Banana Boat - :10s Viewesr,custom_audience
US,0.02,23842579654030153,Awestruck - AS :10s Viewers,custom_audience
US,0.05,23842579654030153,Awestruck - AS :10s Viewers,custom_audience
US,0.01,23842579654030153,Awestruck - AS :10s Viewers,custom_audience
US,0.03,23842578706050153,Awestruck - Page Fan Lookalike,custom_audience
US,0.08,23842530838650408,Captain C.B. Sully Sullenberger : Sully Video 3 Watched 75%,custom_audience
US,0.08,23842530838550408,Captain C.B. Sully Sullenberger : Sully Video 2 Watched 75%,custom_audience
US,0.02,6659508218,Martina McBride,page
US,0.02,45557497235,Captain C.B. Sully Sullenberger,page
US,0.05,45557497235,Captain C.B. Sully Sullenberger,page
US,0.05,23842527423480408,"Captain C.B. Sully Sullenberger : Anyone who visited your Page, L365D",custom_audience
US,0.02,23842527423480408,"Captain C.B. Sully Sullenberger : Anyone who visited your Page, L365D",custom_audience
US,0.05,23842527423600408,"Captain C.B. Sully Sullenberger : People who saved your Page or any post, L365D",custom_audience
US,0.02,23842527423600408,"Captain C.B. Sully Sullenberger : People who saved your Page or any post, L365D",custom_audience
US,0.05,23842527424200408,"Captain C.B. Sully Sullenberger : People who engaged with any post or ad, L365D",custom_audience
US,0.02,23842527424200408,"Captain C.B. Sully Sullenberger : People who engaged with any post or ad, L365D",custom_audience
US,0.05,23842527424280408,"Martina McBride : Anyone who visited your Page, L365D",custom_audience
US,0.02,23842527424280408,"Martina McBride : Anyone who visited your Page, L365D",custom_audience
US,0.05,23842527424390408,"Martina McBride : People who saved your Page or any post, L365D",custom_audience
US,0.02,23842527424390408,"Martina McBride : People who saved your Page or any post, L365D",custom_audience
US,0.05,23842527424470408,"Martina McBride : People who engaged with any post or ad, L365D",custom_audience
US,0.02,23842527424470408,"Martina McBride : People who engaged with any post or ad, L365D",custom_audience
US,0.05,23842527018210408,Users engaged with Martina 91 second video,custom_audience
US,0.02,23842527018210408,Users engaged with Martina 91 second video,custom_audience
US,0.05,23842527017280408,Users engaged with Sully Facebook Live Video,custom_audience
US,0.02,23842527017280408,Users engaged with Sully Facebook Live Video,custom_audience
US,0.01,23842527018210408,Users engaged with Martina 91 second video,custom_audience
US,0.01,23842527017280408,Users engaged with Sully Facebook Live Video,custom_audience
US,0.05,23842529647470096,Olivia Munn Watches Xfinity With Pups - Users watched 95%,custom_audience
US,0.02,23842529647470096,Olivia Munn Watches Xfinity With Pups - Users watched 95%,custom_audience
US,0.01,844699408898230,Lip Sync Battle,page
US,0.04,23843009313080559,Pampers : 95% Completion of John Legend's Videos,custom_audience
US,0.03,23843009313080559,Pampers : 95% Completion of John Legend's Videos,custom_audience
US,0.02,23843009313080559,Pampers : 95% Completion of John Legend's Videos,custom_audience
US,0.05,23843009313080559,Pampers : 95% Completion of John Legend's Videos,custom_audience
US,0.01,23843009313080559,Pampers : 95% Completion of John Legend's Videos,custom_audience
US,0.05,23842923984790559,"95% Completed, Coke McD FIFA",custom_audience
US,0.08,23842911961700559,Teyana Taylor Video Views Retargeting,custom_audience
US,0.08,23842911961040559,Teyana Facebook Page Engagements,custom_audience
US,0.02,23842900313460559,People Who Engaged With Yummertime's Page,custom_audience
US,0.02,23842900315500559,People Who Engaged With Rene's Page,custom_audience
US,0.08,23842893610190559,Getting Stamped Instagram Page,custom_audience
US,0.08,23842893609910559,Getting Stamped Facebook Page,custom_audience
US,0.08,23842891756190559,Zealyn Instagram Page,custom_audience
US,0.08,23842891754770559,Zealyn Facebook Page,custom_audience
US,0.08,23842891754190559,Karlie Thoma Instagram Page,custom_audience
US,0.08,23842891733470559,Karlie Thoma Facebook Page,custom_audience
US,0.08,23842891728670559,Elizabeth Keene Instagram Profile,custom_audience
US,0.08,23842891727850559,Elizabeth Keene Facebook Page,custom_audience
US,0.08,23842891726890559,AJ Cartas Instagram Profile,custom_audience
US,0.08,23842891726370559,AJ Cartas Facebook Page,custom_audience
US,0.02,23842888462540559,Retargeting People Who Engaged With Ricky's Page,custom_audience
US,0.02,23842888468510559,Retargeting People Who Engaged With Karamo's Page,custom_audience
US,0.02,23842888468740559,Retargeting People Who Engaged With Tyrann's Page,custom_audience
US,0.02,23842882271520559,Retargeting People Who Engaged With Alexa's Page,custom_audience
US,0.02,23842882271700559,Retargeting People Who Engaged With Mini's Page,custom_audience
US,0.02,23842880146760559,Retargeting People Who Engaged With Rachel's Page,custom_audience
US,0.02,23842865691690559,Retargeting People Who Watched Min 3 Sec Of Vagabrothers' Video,custom_audience
US,0.02,23842865694200559,Retargeting People Who Watched Min 3 Sec of Tianne's Video,custom_audience
US,0.02,23842866653230559,Retargeting People Who Engaged With Melissa's Page,custom_audience
US,0.02,23842855616920559,Retargeting People Who Engaged With Ashley's Page,custom_audience
US,0.05,23842855574470559,IntegrativeTherapeutics_Min03SecondsView_EmilyFrame,custom_audience
US,0.05,23842855573310559,IntegrativeTherapeutics_Min03SecondsView_JoEncarnacion,custom_audience
US,0.05,23842855571240559,IntegrativeTherapeutics_Min03SecondsView_CamilleStyles,custom_audience
US,0.05,23842855413010559,Pampers : Audience Engaged With Influencers' IG,custom_audience
US,0.02,23842855413010559,Pampers : Audience Engaged With Influencers' IG,custom_audience
US,0.01,23842855413010559,Pampers : Audience Engaged With Influencers' IG,custom_audience
US,0.05,23842840061890559,Pampers : 95% Completion of Chrissy's Videos,custom_audience
US,0.02,23842840061890559,Pampers : 95% Completion of Chrissy's Videos,custom_audience
US,0.01,23842840061890559,Pampers : 95% Completion of Chrissy's Videos,custom_audience
US,0.05,23842837431410559,PG Olay Unfiltered Jenn Im 50% Ad Watched,custom_audience
US,0.05,23842837430330559,PG Olay Unfiltered Sivan Ayla 50% Ad Watched,custom_audience
US,0.05,23842837429040559,PG Olay Unfiltered Mini Marley 50% Ad Watched,custom_audience
US,0.04,23842790586500559,Chinet : Users engaged on Amber's FB Page,custom_audience
US,0.02,23842772135290188,Transformers 95% Viewed Retargeting,custom_audience
US,0.1,23842696905650388,Share A Coke Store Purchase L180D,custom_audience
US,0.02,23842696905650388,Share A Coke Store Purchase L180D,custom_audience
US,0.08,23842579825290559,Intel #ExperienceMore : People who watched 95% of Phase 1 Videos,custom_audience
US,0.08,23842580891100559,People who engaged with Devin McCourty Page,custom_audience
US,0.08,23842580890930559,People who engaged with Aly Raisman Page,custom_audience
US,0.08,23842580890840559,People who engaged with Vince Wilfork Page,custom_audience
US,0.03,23842938796580388,People Who Watched At Least 3 Seconds of HM BTS 2017 Videos,custom_audience
US,0.04,23842701350960388,Harry Shum Jr Min 95 Percent Hero Video Viewed,custom_audience
US,0.02,23842696187190388,Harry Shum Jr Engagement Page,custom_audience
US,0.1,23842696187140388,Harry Shum Jr Engagement Video,custom_audience
US,0.02,23842696187140388,Harry Shum Jr Engagement Video,custom_audience
US,0.02,23842696186800388,Cassadee Pope Engagement Page,custom_audience
US,0.1,23842696186740388,Cassadee Pope Engagement Video,custom_audience
US,0.02,23842696186740388,Cassadee Pope Engagement Video,custom_audience
US,0.1,23842695474460388,Madilyn Bailey Engagement,custom_audience
US,0.02,23842695474460388,Madilyn Bailey Engagement,custom_audience
US,0.02,23842694689830388,William Haynes Engagement,custom_audience
US,0.02,23842694682290388,Tina Majorino Engagement,custom_audience
US,0.02,23842694677930388,Kayla Maisonet Engagement,custom_audience
US,0.02,23842694673310388,Matt Cutshall Engagement,custom_audience
US,0.02,23842694670250388,Jesse Metcalfe Engagement,custom_audience
US,0.02,23842694454400388,Toys R Us Purchase Custom Audience,custom_audience
US,0.02,23842694446560388,Hyatt Purchase Custom Audience,custom_audience
US,0.02,23842672663530388,Sydney Leroux 95% VCR Custom Audience,custom_audience
US,0.02,23842672536400388,Tia Mowry 95% VCR Custom Audience,custom_audience
US,0.08,23842671761080388,People Who Engaged With Soul Train FB Page,custom_audience
US,0.08,23842671768300388,Viacom BET Remarketing Video Views,custom_audience
US,0.08,23842668813130388,People who engaged with Gen Padalecki IG Page,custom_audience
US,0.08,23842668812880388,People who engaged with Gen Padalecki FB Page,custom_audience
US,0.03,23842656824110388,Bank Of America iHeartRadio #Friends Again Min 10 Seconds Viewed,custom_audience
US,0.08,23842623893020388,Everyone who engaged with OTBAM Facebook Page,custom_audience
US,0.08,23842623892970388,Everyone who engaged with OTBAM Instagram Page,custom_audience
US,0.08,23842614398440388,Everyone who engaged with BET Music Facebook Page,custom_audience
US,0.08,23842614397520388,Everyone who engaged with BET Facebook Page,custom_audience
US,0.08,23842613913180388,Everyone who engaged with Tia Mowry FB,custom_audience
GB,0.05,23842599898290388,WeedFirm2_Top25PercentMostActive_L180_iOS,custom_audience
GB,0.05,23842580725240388,WeedFirm2_TopTenPercentPurchasers_L120,custom_audience
GB,0.05,23842580584180388,WeedFirm2_Purchases_L120_iOS,custom_audience
GB,0.05,23842580584100388,WeedFirm2_AppLaunches_L120_iOS,custom_audience
GB,0.05,23842580583850388,WeedFirm2_AppInstalls_L120_iOS,custom_audience
US,0.05,23842580725240388,WeedFirm2_TopTenPercentPurchasers_L120,custom_audience
US,0.01,23842580725240388,WeedFirm2_TopTenPercentPurchasers_L120,custom_audience
US,0.05,23842580584180388,WeedFirm2_Purchases_L120_iOS,custom_audience
US,0.01,23842580584180388,WeedFirm2_Purchases_L120_iOS,custom_audience
US,0.05,23842580584100388,WeedFirm2_AppLaunches_L120_iOS,custom_audience
US,0.01,23842580584100388,WeedFirm2_AppLaunches_L120_iOS,custom_audience
US,0.05,23842580583850388,WeedFirm2_AppInstalls_L120_iOS,custom_audience
US,0.01,23842580583850388,WeedFirm2_AppInstalls_L120_iOS,custom_audience
US,0.03,23842668376520401,Choices_Top25PercentPurchasers,custom_audience
US,0.03,23842617413700401,Choices Engagement Video 100PercentView,custom_audience
US,0.03,23842617414560401,Choices Engagement Facebook Page,custom_audience
US,0.03,23842617415120401,Choices App Activity Most Active Users 25Percent,custom_audience
US,0.03,23842617415180401,Choices App Activity Purchase Amount 25Percent,custom_audience
US,0.06,23842779429460780,Viacom BET #AcrimonyFilmDistroOnly2018Q1 95% Completion,custom_audience
US,0.01,23842670045560780,Rachel Parcell Min 10 Seconds Viewed Aveeno,custom_audience
US,0.01,23842658907310780,Vanessa Williams Min 10 Seconds Viewed Aveeno,custom_audience
US,0.01,23842651666130780,Sabrina Soto Min 10 Seconds Viewed Aveeno,custom_audience
US,0.01,23842651666030780,Jenny Lopez Min 10 Seconds Viewed Aveeno,custom_audience
US,0.01,23842651665820780,Camille Styles Min 10 Seconds Viewed Aveeno,custom_audience
US,0.01,23842643452580780,Aveeno #MomentForMe Video Views Min10Sec Camille Styles,custom_audience
US,0.01,23842643451920780,Aveeno #MomentForMe Video Views Min10Sec Jenny Lopez,custom_audience
US,0.01,23842643451800780,Aveeno #MomentForMe Video Views Min10Sec Sabrina Soto,custom_audience
US,0.02,23842710591670001,WCA - Purchase Page (Suppressions) L180D,custom_audience
US,0.04,23842768480140188,Bolthouse Farms Seamus Mullen IG Engagements,custom_audience
US,0.04,23842768479920188,Bolhouse Farms Seamus Mullen FB Engagements,custom_audience
US,0.04,23842762244250188,Fusion Happy Endings - Users who watched Happy Endings Trailer,custom_audience
US,0.04,23842759793990188,Bolthouse Farms: Users engaged on Jenna Rammell IG,custom_audience
US,0.04,23842759793830188,Bolthouse Farms: Users engaged on Jenna Rammel FB,custom_audience
US,0.04,23842752072730188,Oscar Miranda - Facebook page Engagers,custom_audience
US,0.04,23842751381900188,Bolthouse Farms DadWithAPan IG Engagements,custom_audience
US,0.04,23842751381810188,Bolthouse Farms: Dad With A Pan FB Engagements,custom_audience
US,0.04,23842750612570188,Bolthouse Farms: SweetPotatoSoul IG Engagements,custom_audience
US,0.04,23842750606350188,Bolthouse Farms: MommasGoneCity IG Engagements,custom_audience
US,0.04,23842750605670188,Bolthouse Farms: GOFITJO IG Engagements,custom_audience
US,0.04,23842750605630188,Bolthouse Farms: Claire Guentz IG Engagements,custom_audience
US,0.04,23842750605460188,Bolthouse Farms: SpoonfulofFlavor IG Engagements,custom_audience
US,0.04,23842750604980188,Bolthouse Farms: RamShackle Glam IG Engagements,custom_audience
US,0.04,23842750603920188,Bolthouse Farms: Small Fry Blog IG Engagements,custom_audience
US,0.04,23842750560400188,Bolthouse Farms: SweetPotatoSoul Page Engagements,custom_audience
US,0.04,23842750560350188,Bolthouse Farms: Spoonful of Flavor Page Engagemen,custom_audience
US,0.04,23842750560280188,Bolthouse Farms: Ramshackle Glam Page Engagements,custom_audience
US,0.04,23842750529400188,Bolthouse Farms: Mommas Gone City Page Engagements,custom_audience
US,0.04,23842750529280188,Bolthouse Farms: Claire Guentz Page Engagements,custom_audience
US,0.04,23842750529070188,Bolthouse Farms: Small Fry Blog Page Engagements,custom_audience
US,0.04,23842750528960188,Bolthouse Farms: GOFITJO Page Engagements,custom_audience
US,0.1,23842788270220549,TestCustomAudience_PixelPageView_L30D,custom_audience
US,0.1,23842788266280549,TestCustomAudience_PixelAllWebsiteVisitors_L180D,custom_audience
US,0.1,23842788265800549,TestCustomAudience_VideoViewsMin03Seconds,custom_audience
US,0.02,23842732239430788,Victoria's Secret Purchase Custom Audience,custom_audience
US,0.1,23842723286800788,Custom Audience Victoria's Secret Ad Engagement,custom_audience
US,0.09,23842723286800788,Custom Audience Victoria's Secret Ad Engagement,custom_audience
US,0.08,23842723286800788,Custom Audience Victoria's Secret Ad Engagement,custom_audience
US,0.07,23842723286800788,Custom Audience Victoria's Secret Ad Engagement,custom_audience
US,0.06,23842723286800788,Custom Audience Victoria's Secret Ad Engagement,custom_audience
US,0.05,23842723286800788,Custom Audience Victoria's Secret Ad Engagement,custom_audience
US,0.04,23842723286800788,Custom Audience Victoria's Secret Ad Engagement,custom_audience
US,0.03,23842723286800788,Custom Audience Victoria's Secret Ad Engagement,custom_audience
US,0.02,23842723286800788,Custom Audience Victoria's Secret Ad Engagement,custom_audience
US,0.01,23842723286800788,Custom Audience Victoria's Secret Ad Engagement,custom_audience
US,0.03,23842723286800788,Custom Audience Victoria's Secret Ad Engagement,custom_audience
US,0.04,23842723286800788,Custom Audience Victoria's Secret Ad Engagement,custom_audience
US,0.02,23842723286800788,Custom Audience Victoria's Secret Ad Engagement,custom_audience
US,0.1,23842723286800788,Custom Audience Victoria's Secret Ad Engagement,custom_audience
US,0.08,23842723286800788,Custom Audience Victoria's Secret Ad Engagement,custom_audience
US,0.06,23842723286800788,Custom Audience Victoria's Secret Ad Engagement,custom_audience
US,0.07,23842723286800788,Custom Audience Victoria's Secret Ad Engagement,custom_audience
US,0.09,23842723286800788,Custom Audience Victoria's Secret Ad Engagement,custom_audience
US,0.05,23842723286800788,Custom Audience Victoria's Secret Ad Engagement,custom_audience
US,0.1,23843074575590357,Walmart OGP Tiffany Davidson Instagram,custom_audience
US,0.1,23843074574940357,Walmart OGP Tiffany Davidson Facebook,custom_audience
US,0.1,23843069640690357,Walmart OGP Mely Martinez Instagram,custom_audience
US,0.1,23843069634270357,Walmart OGP Mely Martinez Facebook,custom_audience
US,0.04,23843069568550357,People Who Engage With Chef Lorena Instagram,custom_audience
US,0.04,23843069567990357,People Who Engage with Chef Lorena Garcia Facebook,custom_audience
US,0.04,23843069567840357,People Who Engage With Hilaria Baldwin Facebook,custom_audience
US,0.04,23843064214590357,People who Engaged Big Tigger Facebook Page,custom_audience
US,0.04,23843064214720357,People engaged on Big Tigger IG Profile,custom_audience
US,0.1,23843060249550357,Walmart OGP Christina Lane Instagram,custom_audience
US,0.1,23843060235470357,Walmart OGP Christina Lane Facebook,custom_audience
US,0.02,23843060186970357,People who watched 95% of Playset Review,custom_audience
US,0.02,23843060186690357,People who watched 50% of Playset Review,custom_audience
US,0.02,23843060186510357,People who watched 25% of Playset Review,custom_audience
US,0.02,23843060186170357,People who viewed 3 seconds of Playset Review,custom_audience
US,0.02,23843060186020357,People who watched 95% of Beast Reviews,custom_audience
US,0.02,23843060185760357,People who watched 50% of Beast Reviews,custom_audience
US,0.02,23843060183170357,People who watched 25%  of Beast Reviews,custom_audience
US,0.02,23843060181570357,People who viewed 3 seconds of Beast Reviews,custom_audience
US,0.02,23843060179050357,People who watched 95% of Figure Reviews,custom_audience
US,0.02,23843060178890357,People who watched 50% of Figure Reviews,custom_audience
US,0.02,23843060176890357,People who watched 25% of Figure Reviews,custom_audience
US,0.02,23843060176730357,People who viewed 3 seconds of Figure Reviews,custom_audience
US,0.02,23843060176400357,People who watched 95% of Product Reveal,custom_audience
US,0.02,23843060175790357,People who watched 50% of Product Reveal,custom_audience
US,0.02,23843060174840357,People who watched 25% of Product Reveal,custom_audience
US,0.02,23843060174250357,People who viewed 3 seconds of Product Reveal,custom_audience
US,0.1,23843046784880357,Walmart TRK Kayli Butler Instagram,custom_audience
US,0.1,23843046782000357,Walmart TRK Kayli Butler Facebook,custom_audience
US,0.1,23843046781850357,Walmart TRK TJ Davidson Instagram,custom_audience
US,0.1,23843046781630357,Walmart TRK TJ Davidson Facebook,custom_audience
US,0.1,23843046780770357,Walmart TRK Katie Ryan Instagram,custom_audience
US,0.1,23843046779730357,Walmart TRK Katie Ryan Facebook,custom_audience
US,0.1,23843046765680357,Walmart TRK Sam Anderson Instagram,custom_audience
US,0.1,23843046764610357,Walmart TRK Sam Anderson Facebook,custom_audience
US,0.1,23843046764260357,Walmart TRK Chad Rader Instagram,custom_audience
US,0.1,23843046763880357,Walmart TRK Chad Rader Facebook,custom_audience
US,0.1,23843046761880357,Walmart TRK Ashley Segura Instagram,custom_audience
US,0.1,23843046761370357,Walmart TRK Ashley Segura Facebook,custom_audience
US,0.1,23843046749910357,Walmart TRK Caitlin Lindquist Instagram,custom_audience
US,0.1,23843046749160357,Walmart TRK Caitlin Lindquist Facebook,custom_audience
US,0.1,23843046737530357,Walmart TRK Kari Jensen Instagram,custom_audience
US,0.1,23843046736670357,Walmart TRK Kari Jensen Facebook,custom_audience
US,0.1,23843046735400357,Walmart TRK Ashlee Nichols Instagram,custom_audience
US,0.1,23843046734690357,Walmart TRK Ashlee Nichols Facebook,custom_audience
US,0.1,23843046714590357,Walmart TRK Gabe & Garrett Ernst Instagram,custom_audience
US,0.1,23843046713600357,Walmart TRK Gabe & Garrett Ernst Facebook,custom_audience
US,0.02,23843036859880357,People who have watched at 95% of Tyler's videos,custom_audience
US,0.02,23843036858490357,People who viewed at least 10 seconds of Tyler's videos,custom_audience
US,0.02,23843036846830357,People who viewed at least 3 seconds of Tyler's videos,custom_audience
US,0.1,23843024449500357,Walmart TRK Beverley Mitchell Instagram,custom_audience
US,0.1,23843024448900357,Walmart TRK Beverley Mitchell Facebook,custom_audience
US,0.03,23843016411020357,People Who Watched At Least 95% of Powerade Videos,custom_audience
US,0.03,23843016410590357,People Who Watched 10 or More Seconds of Powerade Videos,custom_audience
US,0.03,23843016409790357,People Who Watched 3 or More Seconds of Powerade Videos,custom_audience
US,0.05,23843014985560357,Pampers : 95% Completion of Chrissy's 2.0 video,custom_audience
US,0.02,23843014985560357,Pampers : 95% Completion of Chrissy's 2.0 video,custom_audience
US,0.01,23843014985560357,Pampers : 95% Completion of Chrissy's 2.0 video,custom_audience
US,0.1,23843002783750357,Walmart TRK Ryan Secret Instagram,custom_audience
US,0.1,23843002780550357,Walmart TRK Ryan Secret Facebook,custom_audience
US,0.1,23843002715670357,Walmart TRK Myka Stauffer Instagram,custom_audience
US,0.1,23843002715610357,Walmart TRK Myka Stauffer Facebook,custom_audience
US,0.1,23843002713740357,Walmart TRK Denise Otico Instagram,custom_audience
US,0.1,23843002713520357,Walmart TRK Denise Otico Facebook,custom_audience
US,0.1,23843002712850357,Walmart TRK Melea Johnson Instagram,custom_audience
US,0.1,23843002712360357,Walmart TRK Melea Johnson Facebook,custom_audience
US,0.1,23843002708810357,Walmart TRK LaTisha Springer Instagram,custom_audience
US,0.1,23843002708580357,Walmart TRK LaTisha Springer Facebook,custom_audience
US,0.1,23843002708210357,Walmart TRK Gavin Raygoza Instagram,custom_audience
US,0.1,23843002707360357,Walmart TRK Gavin Raygoza Facebook,custom_audience
US,0.1,23843002689840357,Walmart TRK Sina Duvinage Instagram,custom_audience
US,0.1,23843002688070357,Walmart TRK Sina Duvinage Facebook,custom_audience
US,0.1,23843002687720357,Walmart TRK Angela Lanter Instagram,custom_audience
US,0.1,23843002687480357,Walmart TRK Angela Lanter Facebook,custom_audience
US,0.1,23843002605920357,Walmart TRK Karla Reed Instagram,custom_audience
US,0.1,23843002605020357,Walmart TRK Karla Reed Facebook,custom_audience
US,0.1,23843002603990357,Walmart TRK Patricia Chang Instagram,custom_audience
US,0.1,23843002603540357,Walmart TRK Patricia Chang Facebook,custom_audience
US,0.1,23843002603150357,Walmart TRK Vaughn Colquitt Instagram,custom_audience
US,0.1,23843002602860357,Walmart TRK Vaughn Colquitt Facebook,custom_audience
US,0.1,23843002595180357,Walmart TRK Jessica Shyba Instagram,custom_audience
US,0.1,23843002593800357,Walmart TRK Jessica Shyba Facebook,custom_audience
US,0.1,23843002491660357,Walmart TRK Clara Lukasiak Facebook,custom_audience
US,0.1,23843002484950357,Walmart TRK Clara Lukasiak Instagram,custom_audience
US,0.02,23842997541170357,People Who Watched 3 Or More Seconds Of Nicole's Videos,custom_audience
US,0.02,23842994703800357,People Who Watched 3 Seconds of Katie's Videos,custom_audience
US,0.02,23842994699840357,People Watched 3 Seconds of Jana's Videos,custom_audience
US,0.02,23842994212740357,People Who Watched 3 Or More Seconds Of Ajiona's Videos,custom_audience
US,0.02,23842994212170357,People Who Watched 3 Or More Seconds Of Keegan's Videos,custom_audience
US,0.02,23842994204700357,People Who Watched 3 Or More Seconds Of David's Videos,custom_audience
US,0.02,23842994201510357,People Who Watched 3 Or More Seconds Of Kat's Videos,custom_audience
US,0.02,23842993137220357,People Who Watched 3 Or More Seconds Of Taylor's Videos,custom_audience
US,0.02,23842993136270357,People Who Watched 3 Or More Seconds Of Laura L's Videos,custom_audience
US,0.02,23842993135880357,People Who Watched 3 Or More Seconds Of Melissa's Videos,custom_audience
US,0.02,23842993132060357,People Who Watched 95% Of Laura Lee's Videos,custom_audience
US,0.02,23842993129380357,People Who Watched 95% of Melissa's Videos,custom_audience
US,0.02,23842985655930357,People Who Engaged With LaTisha's Posts,custom_audience
US,0.02,23842985655370357,People Who Engaged With Scout The City's Posts,custom_audience
US,0.02,23842985654340357,People Who Watched 10 Or More Seconds Of Ajiona's Videos,custom_audience
US,0.02,23842985653550357,People Who Watched 10 Or More Seconds Of Katherine's Videos,custom_audience
US,0.02,23842985652720357,People Who Watched 10 Or More Seconds Of David's Videos,custom_audience
US,0.02,23842985649840357,People Who Watched 10 Or More Seconds Of Keegan's Videos,custom_audience
US,0.05,23842971281470357,Coca-Cola Coke #SixFlagsREVIVAL2018Q2 Sierra McClain 95% Completed Views,custom_audience
US,0.05,23842971280410357,Coca-Cola Coke #SixFlagsREVIVAL2018Q2 Caleb 95% Completed Views,custom_audience
US,0.05,23842971274370357,Nair #Influencers2Q3Q18 Sydney 95% Completed Views,custom_audience
US,0.05,23842971264200357,Nair #Influencers2Q3Q18 Jordyn 95% Completed Views,custom_audience
US,0.1,23842966854750357,Users who engaged on Laila Ali Instagram,custom_audience
US,0.1,23842966854020357,Users who Engaged on Laila Ali Facebook,custom_audience
US,0.05,23842963455480357,People Who Converted - Terry Crews,custom_audience
US,0.1,23842961871780357,People who engaged on nicksplat Instagram,custom_audience
US,0.1,23842961871170357,Audiences engaged on NickSplat Facebook,custom_audience
US,0.02,23842959596610357,People Who Watched At Least 3 Seconds of Mario's Videos,custom_audience
US,0.02,23842947693620357,People Who Watched 95% of Keegan's Video,custom_audience
US,0.02,23842947692720357,People Who Watched 95% of David's Video,custom_audience
US,0.02,23842947691500357,People Who Watched 95% of Katherine's Video,custom_audience
US,0.02,23842947692480357,People Who Watched 95% of Ajiona's Video,custom_audience
US,0.02,23842936423520357,People Who Watched 3 Or More Seconds of Dr. Miracle's,custom_audience
US,0.05,23842931611670357,95% Watched Olay Feel The Whip,custom_audience
